Attest,v0.1.0,github.com/io-core/Attest
Crypto,v0.1.0,github.com/io-core/Crypto
Package,v0.1.0,github.com/io-core/Package
Edit,v5.1.0,github.com/io-core/Edit
Oberon,v5.1.0,github.com/io-core/Oberon
Paint,v1.0.0,github.com/io-core/Paint
System,v5.1.0,github.com/io-core/System
Build,v5.1.0,github.com/io-core/Build
Draw,v5.1.0,github.com/io-core/Draw
Files,v5.1.0,github.com/io-core/Files
Kernel,v5.0.0,github.com/io-core/Kernel
Log,v0.0.0,github.com/io-core/Log
Modules,V5.0.0,github.com/io-core/Modules
